file_name,x,y,z
135L_A_18_ASP_12,22.4245,-2.5445,32.789
135L_A_7_GLU_6,29.481,13.304,25.9805
135L_A_35_GLU_12,9.7155,13.0245,28.9365
1A91_A_7_ASP_6,21.3455,-9.294,-0.995
1A91_A_44_ASP_14,-23.8955,4.269,-6.9695
1A91_A_61_ASP_25,-1.2675,-0.602,4.49
1A91_A_2_GLU_1,31.9315,-0.823,-4.691
1A91_A_37_GLU_8,-22.1905,-4.6385,-5.7665
1ANS_A_20_GLU_6,8.105,-2.7675,-4.0955
1BHC_J_46_LYS_12,20.453,9.59,-24.262
1BNI_B_12_ASP_9,-6.3075,28.2645,51.508
1BNI_B_29_GLU_11,-7.511,48.2945,63.7735
1BNI_B_60_GLU_7,9.0545,31.542,73.7285
1BNI_B_73_GLU_33,0.519,37.702,68.8655
1BNI_B_18_HIS_11,0.042,37.7685,48.6635
1BPI_A_49_GLU_14,19.3275,19.961,0.2895
1BPI_A_26_LYS_8,22.865,-2.492,-10.596
1CDC_A_62_ASP_6,46.818,21.6615,63.316
1CDC_A_71_ASP_7,57.521,1.97,64.7605
1CDC_A_94_ASP_15,62.8325,15.0325,66.1505
1CDC_A_29_GLU_5,48.591,11.4825,45.722
1CDC_A_41_GLU_14,46.042,15.041,43.216
1DE3_A_19_GLU_11,-18.456,-16.1615,-1.8305
1DE3_A_96_GLU_34,1.903,-3.4095,2.3725
1DE3_A_35_HIS_11,8.412,2.914,-11.6365
1DE3_A_36_HIS_8,0.874,9.6765,-12.4145
1DE3_A_50_HIS_15,1.492,1.5795,4.986
1DE3_A_150_HIS_31,6.437,-12.5545,-11.4595
1ERT_A_16_ASP_9,57.3855,16.655,17.0095
1ERT_A_26_ASP_9,35.121,12,11.8375
1ERT_A_60_ASP_20,33.5625,19.9835,2.655
1ERT_A_61_ASP_23,36.849,24.0105,7.1815
1GB1_A_56_GLU_25,13.238,1.0395,-2.6945
1GS9_A_75_LYS_9,28.601,40.217,65.919
1GS9_A_143_LYS_11,15.109,58.076,41.426
1GS9_A_146_LYS_11,21.875,54.494,39.831
1H4G_B_56_GLU_8,-34.769,40.447,22.5045
1H4G_B_184_GLU_60,-23.5565,23.898,21.784
1H4G_B_60_HIS_4,-34.949,33.541,37.8575
1HNG_A_25_ASP_3,4.9565,131.7145,12.5435
1HNG_A_41_GLU_15,19.5205,127.8335,2.223
1HNG_A_99_GLU_18,46.283,124.9215,22.7555
1HV0_A_172_GLU_65,35.0645,20.696,31.004
1HV1_A_78_GLU_22,30.728,22.0355,34.8365
1HV1_A_172_GLU_65,35.1985,20.6085,31.154
1IG5_A_47_ASP_18,18.7025,17.195,20.1445
1IG5_A_11_GLU_10,-3.2955,11.1185,31.826
1IG5_A_7_LYS_6,-4.333,9.345,26.589
1IG5_A_16_LYS_8,5.499,19.861,38.044
1IG5_A_25_LYS_2,15.569,19.452,19.981
1IG5_A_29_LYS_7,17.591,19.454,24.907
1IG5_A_55_LYS_14,4.58,11.903,13.564
1IG5_A_71_LYS_17,6.341,1.431,16.392
1KF3_A_38_ASP_9,20.7455,-6.4085,25.824
1KF3_A_121_ASP_36,-0.6065,0.776,18.9585
1KF3_A_2_GLU_1,18.547,4.066,20.66
1KF3_A_86_GLU_20,12.357,-15.2665,18.1255
1LNI_A_79_ASP_45,56.527,0.8015,5.5215
1LNI_A_93_ASP_25,55.398,3.929,-4.9075
1LNI_A_78_GLU_29,48.591,0.985,6.9665
1LNI_A_53_HIS_24,54.2155,-2.189,16.048
1LSE_A_18_ASP_13,-14.8815,24.8285,14.431
1LSE_A_48_ASP_5,13.6425,22.717,29.0775
1LSE_A_87_ASP_28,-6.0405,7.978,17.055
1LSE_A_7_GLU_6,-4.4895,12.5965,5.679
1LSE_A_35_GLU_11,4.8305,25.0325,18.636
1LSE_A_116_LYS_26,-1.874,36.707,22.895
1MUT_A_39_LYS_8,13.047,-0.08,11.472
1SAP_A_16_ASP_10,-10.6345,-2.2275,-5.4445
1SAP_A_36_ASP_21,-14.37,-1.481,7.1835
1SAP_A_47_GLU_15,10.4165,-4.4705,3.1735
1SAP_A_53_GLU_34,-2.725,-2.3155,-5.837
1TRS_A_60_ASP_16,14.928,3.7955,4.4495
1TRS_A_61_ASP_21,12.1285,-3.2985,9.5005
1TRS_A_13_GLU_9,3.154,-16.686,6.449
1TRS_A_56_GLU_33,2.815,2.6635,8.179
1UBQ_A_16_GLU_8,31.852,28.241,-0.044
1YGW_A_15_ASP_13,-7.2175,-11.393,0.111
1YGW_A_49_ASP_12,2.1395,-1.16,-15.1685
1YGW_A_28_GLU_12,-11.992,7.0925,5.3215
1YGW_A_31_GLU_10,-3.785,10.768,15.0315
1YGW_A_46_GLU_6,11.616,4.345,-8.7275
1YGW_A_102_GLU_37,3.647,-3.8565,-12.0055
1YGW_A_27_HIS_7,-4.741,10.4965,3.131
1YGW_A_40_HIS_13,5.0425,7.269,2.951
2BCA_A_12_LYS_9,-10.014,-0.307,9.074
2BCA_A_16_LYS_11,-5,2.159,11.478
2BCA_A_41_LYS_12,3.301,-14.065,3.77
2BCA_A_55_LYS_7,7.053,3.782,-12.587
2IGH_A_45_ASP_20,27.926,-13.244,5.661
2OVO_A_7_ASP_3,-3.557,7.999,1.588
2OVO_A_27_ASP_7,-0.21,0.1005,19.348
2OVO_A_19_GLU_9,5.1455,-3.7765,2.086
2OVO_A_43_GLU_23,-7.7795,-6.1235,13.9975
2QMT_A_22_ASP_7,5.6295,22.5095,30.1555
2QMT_A_36_ASP_13,-3.5175,6.5655,23.8055
2QMT_A_40_ASP_18,6.8785,2.4135,16.7355
2QMT_A_15_GLU_9,-2.249,21.5995,9.2425
2ZTA_A_11_GLU_10,28.462,14.961,4.1435
2ZTA_A_18_HIS_9,18.1155,19.3095,-3.1255
2ZTA_A_8_LYS_7,27.772,12.684,6.944
2ZTA_A_27_LYS_8,4.815,21.721,4.424
3SRN_A_105_HIS_22,23.195,28.5385,38.599
1UBQ_A_18_GLU_6,28.441,20.2075,2.4445
